-- MySQL Script generated by MySQL Workbench
-- Mon Nov  6 18:38:17 2023
-- Model: New Model    Version: 1.0
-- MySQL Workbench Forward Engineering

SET @OLD_UNIQUE_CHECKS=@@UNIQUE_CHECKS, UNIQUE_CHECKS=0;
SET @OLD_FOREIGN_KEY_CHECKS=@@FOREIGN_KEY_CHECKS, FOREIGN_KEY_CHECKS=0;
SET @OLD_SQL_MODE=@@SQL_MODE, SQL_MODE='ONLY_FULL_GROUP_BY,STRICT_TRANS_TABLES,NO_ZERO_IN_DATE,NO_ZERO_DATE,ERROR_FOR_DIVISION_BY_ZERO,NO_ENGINE_SUBSTITUTION';

-- -----------------------------------------------------
-- Schema mydb
-- -----------------------------------------------------

-- -----------------------------------------------------
-- Schema mydb
-- -----------------------------------------------------
CREATE SCHEMA IF NOT EXISTS ej152;
USE ej152;

-- -----------------------------------------------------
-- Table `mydb`.`profesor`
-- -----------------------------------------------------
CREATE TABLE IF NOT EXISTS ej152.`profesor` (
  `ID_profesor` INT UNSIGNED NOT NULL,
  `nombre` VARCHAR(50) NULL,
  PRIMARY KEY (`ID_profesor`))
ENGINE = InnoDB;
DELETE FROM ej152.profesor;
INSERT IGNORE INTO ej152.profesor (ID_profesor, nombre) VALUES
(1, 'Manuel'),
(2, 'el xokas'),
(3, 'Antonio'),
(4, 'Laura'),
(5, 'José');

-- -----------------------------------------------------
-- Table `mydb`.`curso`
-- -----------------------------------------------------
CREATE TABLE IF NOT EXISTS ej152.`curso` (
  `ID_curso` INT UNSIGNED NOT NULL,
  `nombre` VARCHAR(50) NOT NULL,
  `ID_profesor` INT UNSIGNED NOT NULL,
  PRIMARY KEY (`ID_curso`, `ID_profesor`),
  INDEX `fk_curso_profesor1_idx` (`ID_profesor` ASC) VISIBLE,
  CONSTRAINT `fk_curso_profesor1`
    FOREIGN KEY (`ID_profesor`)
    REFERENCES ej152.`profesor` (`ID_profesor`)
    ON DELETE NO ACTION
    ON UPDATE NO ACTION
) ENGINE = InnoDB;
DELETE FROM ej152.curso;
INSERT IGNORE INTO ej152.curso (ID_curso, nombre, ID_profesor) VALUES
(1, 'Matemáticas', 1),
(2, 'Historia', 2),
(3, 'Ciencias', 3),
(4, 'Literatura', 4),
(5, 'Inglés', 5);

-- -----------------------------------------------------
-- Table `mydb`.`notas`
-- -----------------------------------------------------
CREATE TABLE IF NOT EXISTS ej152.`notas` (
  `ID_nota` INT NOT NULL,
  `ID_estudiante` INT NOT NULL,
  `ID_curso` INT NOT NULL,
  `nota` INT NOT NULL,
  PRIMARY KEY (`ID_nota`),
  CONSTRAINT `fk_notas_curso1`
    FOREIGN KEY (`ID_curso`)
    REFERENCES ej152.`curso` (`ID_curso`)
    ON DELETE NO ACTION
    ON UPDATE NO ACTION
) ENGINE = InnoDB;
DELETE FROM ej152.notas;
INSERT IGNORE INTO ej152.notas (ID_estudiante, ID_curso, nota) VALUES
(1, 1, 90),
(2, 2, 85),
(3, 3, 88),
(4, 4, 92),
(5, 5, 78);


-- -----------------------------------------------------
-- Table `mydb`.`estudiante`
-- -----------------------------------------------------
CREATE TABLE IF NOT EXISTS ej152.`estudiante` (
  `ID_estudiante` INT UNSIGNED NOT NULL,
  `nombre` VARCHAR(50) NOT NULL,
  `edad` INT NOT NULL,
  `sexo` VARCHAR(10) NOT NULL,
  PRIMARY KEY (`ID_estudiante`),
  CONSTRAINT `fk_estudiante_notas1`
    FOREIGN KEY (`ID_estudiante`)
    REFERENCES ej152.`notas` (`ID_estudiante`)
    ON DELETE NO ACTION
    ON UPDATE NO ACTION)
ENGINE = InnoDB;
DELETE FROM ej152.estudiante;
INSERT IGNORE INTO ej152.estudiante (ID_estudiante, nombre, edad, sexo) VALUES
(1, 'Marquita', 18, 'Femenino'),
(2, 'Alturio', 20, 'Masculino'),
(3, 'Amondrio', 19, 'Masculino'),
(4, 'Nis', 21, 'Masculino'),
(5, 'Quimel', 22, 'Femenino');


SET SQL_MODE=@OLD_SQL_MODE;
SET FOREIGN_KEY_CHECKS=@OLD_FOREIGN_KEY_CHECKS;
SET UNIQUE_CHECKS=@OLD_UNIQUE_CHECKS;

-- Alumnos a los que un profesor les da clase
SELECT estudiante.nombre AS nombre_estudiante, curso.nombre AS nombre_curso, profesor.nombre AS nombre_profesor
FROM estudiante
JOIN notas AS notas ON estudiante.ID_estudiante = notas.ID_estudiante
JOIN curso AS curso ON notas.ID_curso = curso.ID_curso
JOIN profesor AS profesor ON curso.ID_profesor = profesor.ID_profesor
WHERE profesor.nombre = 'Marquita';
